tag,scenario,parameter,perturbation_pct,seed,crowd,simulator_calls,wall_seconds,front_size,final_hypervolume,zero_evac,fixed_cost,fixed_evac,fixed_improvement_pct,optimized_cost,optimized_evac,optimized_improvement_pct,optimized_widths,optimized_segments,zero_change_vs_baseline_pct,segment_jaccard_vs_baseline_reoptimized,width_jaccard_vs_baseline_reoptimized
baseline_s11,baseline,baseline,0,11,8000,24,374.389,10,3088867.0,517.4583375506072,747.5200000000001,488.85425101214577,5.527804745375076,747.52,488.85,5.528626263135495,"[0,0,4,0,0,0,0,0,0,0,0,0,4,0,0]","3,13",0.0,1.0,1.0
baseline_s29,baseline,baseline,0,29,8000,24,365.333,11,3091579.9,518.6271887651822,747.5200000000001,490.0297191295547,5.514070657135466,375.19,492.08,5.11874219868598,"[0,0,2,0,0,0,0,0,0,0,0,0,2,0,0]","3,13",0.0,1.0,1.0
baseline_s47,baseline,baseline,0,47,8000,24,358.53,9,3118603.3,516.5575910931174,747.5200000000001,489.64209261133607,5.210551339459334,375.19,492.39,4.678585991152495,"[0,0,2,0,0,0,0,0,0,0,0,0,2,0,0]","3,13",0.0,1.0,1.0
k_m10_s11,k_m10,k,-10,11,8000,24,346.751,9,2978895.2,536.954504048583,747.5200000000001,505.2788714574899,5.8991278315503415,747.52,505.28,5.898917656851824,"[0,0,4,0,0,0,0,0,0,0,0,0,4,0,0]","3,13",3.7676784937432855,1.0,1.0
k_m10_s29,k_m10,k,-10,29,8000,24,345.1,8,2980799.2,538.6949645748988,747.5200000000001,505.39047317813765,6.182439708350117,747.52,505.39,6.182527546211761,"[0,0,4,0,0,0,0,0,0,0,0,0,4,0,0]","3,13",3.869402963137493,1.0,0.5
k_m10_s47,k_m10,k,-10,47,8000,24,345.684,8,3021762.6,536.228580465587,747.5200000000001,503.4112790991903,6.120020931727039,375.19,509.02,5.074063833368011,"[0,0,2,0,0,0,0,0,0,0,0,0,2,0,0]","3,13",3.8080922072682606,1.0,1.0
k_m5_s11,k_m5,k,-5,11,8000,24,361.391,9,3038680.6,524.4847672064777,747.5200000000001,497.79429402834006,5.088893872036942,375.19,499.56,4.752238532919186,"[0,0,2,0,0,0,0,0,0,0,0,0,2,0,0]","3,13",1.357873503233163,1.0,0.5
k_m5_s29,k_m5,k,-5,29,8000,24,360.046,10,3038534.3,527.1922191295547,747.5200000000001,495.8587234311741,5.9434670242507055,375.19,501.31,4.909446344312278,"[0,0,2,0,0,0,0,0,0,0,0,0,2,0,0]","3,13",1.6514811698872423,1.0,1.0
k_m5_s47,k_m5,k,-5,47,8000,24,362.182,9,3072664.4,531.1465397267207,747.5200000000001,495.35959008097166,6.737679146730713,375.19,500.21,5.8244829652166805,"[0,0,2,0,0,0,0,0,0,0,0,0,2,0,0]","3,13",2.824263719120029,1.0,1.0
k_p5_s11,k_p5,k,5,11,8000,24,360.37,7,3130225.4,510.0878415991903,747.5200000000001,483.0006325910931,5.310302814349654,375.19,485.81,4.759541321956663,"[0,0,2,0,0,0,0,0,0,0,0,0,2,0,0]","3,13",-1.424365096967071,1.0,0.5
k_p5_s29,k_p5,k,5,29,8000,24,358.385,9,3131863.8,507.3185222672065,747.5200000000001,480.90637019230775,5.206226643739095,347.46,486.72,4.060274041474314,"[0,0,0,0,0,0,0,0,0,0,0,0,4,0,0]",13,-2.1805001247429496,0.5,0.3333333333333333
k_p5_s47,k_p5,k,5,47,8000,24,357.77,8,3160053.3,509.2754934210527,747.5200000000001,482.9668142712551,5.165903227164801,375.19,485.15,4.737218604215568,"[0,0,2,0,0,0,0,0,0,0,0,0,2,0,0]","3,13",-1.409735874107393,1.0,1.0
k_p10_s11,k_p10,k,10,11,8000,24,365.642,10,3172060.3,501.49438259109314,747.5200000000001,475.683451417004,5.146803647277298,747.52,475.68,5.147491873730834,"[0,0,4,0,0,0,0,0,0,0,0,0,4,0,0]","3,13",-3.0850705846348068,1.0,1.0
k_p10_s29,k_p10,k,10,29,8000,24,373.728,9,3171719.8,500.047975708502,747.5200000000001,475.39583122469634,4.9299558605105505,375.19,478.71,4.267185699185949,"[0,0,2,0,0,0,0,0,0,0,0,0,2,0,0]","3,13",-3.5823831567558293,1.0,1.0
k_p10_s47,k_p10,k,10,47,8000,24,366.069,9,3195490.7,498.9306869939271,747.5200000000001,475.1205845141701,4.77222650368804,375.19,477.27,4.341422076968936,"[0,0,2,0,0,0,0,0,0,0,0,0,2,0,0]","3,13",-3.4123792589881305,1.0,1.0
h_m10_s11,h_m10,h,-10,11,8000,24,318.527,9,3301212.5,471.6968939777328,747.5200000000001,454.3962550607288,3.667744930671677,1023.02,450.04,4.591273390652251,"[0,0,4,0,0,0,0,0,0,0,0,0,4,2,0]","3,13,14",-8.843502993784295,0.6666666666666666,0.8
h_m10_s29,h_m10,h,-10,29,8000,24,314.653,11,3303868.4,473.6523152834008,747.5200000000001,453.2763474190284,4.3018828805219345,485.28,456.2,3.6846257730121224,"[0,0,0,0,0,2,0,0,0,0,0,0,2,0,0]","6,13",-8.671908156003855,0.3333333333333333,0.3333333333333333
h_m10_s47,h_m10,h,-10,47,8000,24,315.315,8,3319069.3,468.8481148785425,747.5200000000001,452.0881831983806,3.5747038642788738,747.52,452.09,3.5743163610423823,"[0,0,4,0,0,0,0,0,0,0,0,0,4,0,0]","3,13",-9.236042028462709,1.0,0.5
h_m5_s11,h_m5,h,-5,11,8000,24,336.007,7,3195431.4,488.9774734311741,747.5200000000001,470.7007148279352,3.7377506319442784,375.19,471.75,3.5231630018226037,"[0,0,2,0,0,0,0,0,0,0,0,0,2,0,0]","3,13",-5.503991732792926,1.0,0.5
h_m5_s29,h_m5,h,-5,29,8000,24,343.797,8,3203631.3,493.8393534919029,747.5200000000001,470.371324645749,4.752158506650624,375.19,472.32,4.357561490339133,"[0,0,2,0,0,0,0,0,0,0,0,0,2,0,0]","3,13",-4.779509406804817,1.0,1.0
h_m5_s47,h_m5,h,-5,47,8000,24,346.422,8,3228735.5,491.0175733805668,747.5200000000001,472.0158780364373,3.8698605455821578,375.19,472.57,3.7570087875997165,"[0,0,2,0,0,0,0,0,0,0,0,0,2,0,0]","3,13",-4.944273040011645,1.0,1.0
h_p5_s11,h_p5,h,5,11,8000,24,400.767,10,2975886.2,546.6399291497976,747.5200000000001,508.8702555668017,6.90942457162615,747.52,508.87,6.909471323937509,"[0,0,4,0,0,0,0,0,0,0,0,0,4,0,0]","3,13",5.639408911125415,1.0,1.0
h_p5_s29,h_p5,h,5,29,8000,24,390.327,9,2984081.5,545.2818762651822,747.5200000000001,509.8813891700405,6.492144455196538,347.46,514.87,5.577276192174821,"[0,0,0,0,0,0,0,0,0,0,0,0,4,0,0]",13,5.139469753497327,0.5,0.3333333333333333
h_p5_s47,h_p5,h,5,47,8000,24,397.29,10,2998425.3,543.409096659919,747.5200000000001,509.6854124493927,6.205947676954614,375.19,513.86,5.437725802078659,"[0,0,2,0,0,0,0,0,0,0,0,0,2,0,0]","3,13",5.198162998627045,1.0,1.0
h_p10_s11,h_p10,h,10,11,8000,24,393.269,9,2865587.9,566.9425227732793,747.5200000000001,528.6580086032388,6.752803438127438,747.52,528.66,6.7524521861607685,"[0,0,4,0,0,0,0,0,0,0,0,0,4,0,0]","3,13",9.562931280014894,1.0,1.0
h_p10_s29,h_p10,h,10,29,8000,24,401.892,9,2873792.7,567.6138410931175,747.5200000000001,529.4478428643724,6.723937202666604,375.19,535.27,5.698212191378089,"[0,0,2,0,0,0,0,0,0,0,0,0,2,0,0]","3,13",9.445446245224696,1.0,1.0
h_p10_s47,h_p10,h,10,47,8000,24,399.189,9,2887742.7,569.2297507591094,747.5200000000001,528.9899291497976,7.069170498493629,375.19,533.52,6.273345817130577,"[0,0,2,0,0,0,0,0,0,0,0,0,2,0,0]","3,13",10.196764228075597,1.0,1.0
rho_m10_s11,rho_m10,rho,-10,11,8000,24,373.396,10,2825336.1,573.6790865384615,747.5200000000001,530.6989372469636,7.492019545428624,747.52,529.63,7.678349720616552,"[0,0,4,0,0,0,0,0,0,0,0,0,4,0,0]","3,13",10.864787540959462,1.0,1.0
rho_m10_s29,rho_m10,rho,-10,29,8000,24,398.813,10,2831519.7,576.393383097166,747.5200000000001,530.368927125506,7.984903595588517,747.52,530.37,7.984717459778251,"[0,0,4,0,0,0,0,0,0,0,0,0,4,0,0]","3,13",11.138288848589172,1.0,0.5
rho_m10_s47,rho_m10,rho,-10,47,8000,24,397.993,7,2875332.3,575.3531123481781,747.5200000000001,530.1795799595142,7.851444863885073,375.19,534.52,7.097052483391756,"[0,0,2,0,0,0,0,0,0,0,0,0,2,0,0]","3,13",11.382181245394177,1.0,1.0
rho_m5_s11,rho_m5,rho,-5,11,8000,24,380.345,9,2971046.2,541.8695597165992,747.5200000000001,506.4420546558705,6.538013517359685,375.19,510.57,5.7762166475948575,"[0,0,2,0,0,0,0,0,0,0,0,0,2,0,0]","3,13",4.717524174321481,1.0,0.5
rho_m5_s29,rho_m5,rho,-5,29,8000,24,372.69,10,2977418.7,539.6324392712551,747.5200000000001,507.6245571862348,5.931422901159387,375.19,511.24,5.2614404185184895,"[0,0,2,0,0,0,0,0,0,0,0,0,2,0,0]","3,13",4.050163771028869,1.0,1.0
rho_m5_s47,rho_m5,rho,-5,47,8000,24,366.67,9,3013100.1,541.8022520242915,747.5200000000001,508.8165549089068,6.088143227929183,375.19,509.5,5.962000324583973,"[0,0,2,0,0,0,0,0,0,0,0,0,2,0,0]","3,13",4.887095140302262,1.0,1.0
rho_p5_s11,rho_p5,rho,5,11,8000,24,343.679,10,3165758.2,499.4563259109312,747.5200000000001,475.5173203441296,4.7930127870821435,747.52,474.63,4.970670031188774,"[0,0,4,0,0,0,0,0,0,0,0,0,4,0,0]","3,13",-3.4789296709158615,1.0,1.0
rho_p5_s29,rho_p5,rho,5,29,8000,24,337.444,10,3175010.7,495.3489688765182,747.5200000000001,474.8655743927126,4.135144266124792,375.19,478.45,3.4115280213151764,"[0,0,2,0,0,0,0,0,0,0,0,0,2,0,0]","3,13",-4.488430300788489,1.0,1.0
rho_p5_s47,rho_p5,rho,5,47,8000,24,347.625,9,3195872.3,502.91418269230775,747.5200000000001,474.4805035425102,5.653783513835367,375.19,479.69,4.61792160403572,"[0,0,2,0,0,0,0,0,0,0,0,0,2,0,0]","3,13",-2.6412172884611014,1.0,1.0
rho_p10_s11,rho_p10,rho,10,11,8000,24,350.456,10,3242812.8,483.1286057692308,747.5200000000001,465.24914600202425,3.7007661218360473,1023.02,460.63,4.65685647683991,"[0,0,4,0,0,0,0,0,0,0,0,0,4,2,0]","3,13,14",-6.634298703906574,0.6666666666666666,0.8
rho_p10_s29,rho_p10,rho,10,29,8000,24,334.372,10,3251880.9,484.8795862854252,747.5200000000001,462.9961918016194,4.513160607863606,747.52,463.0,4.512375217327823,"[0,0,4,0,0,0,0,0,0,0,0,0,4,0,0]","3,13",-6.507102444842472,1.0,0.5
rho_p10_s47,rho_p10,rho,10,47,8000,24,339.715,10,3265264.8,481.4612095141701,747.5200000000001,463.3299848178138,3.7658744542788907,375.19,468.04,2.7875993431979835,"[0,0,2,0,0,0,0,0,0,0,0,0,2,0,0]","3,13",-6.794282415766613,1.0,1.0
